Title,Company,Skills,Location
senior software engineer prime,alpaca,"software, crypto, system, frontend, growth, code, financial, investment, api, senior, heroku, engineer, engineering",
technical writer,allen control systems,"embedded, system, technical, writer, support, robotics, engineering",
lead vfx artist,insomniac games,"vfx, game, technical, support, test, management, lead, content",United States
senior facial character td,insomniac games,"3d, support, animation, senior, engineering",United States
social media video creator intern,cathoven,"students, ielts, video, education, content, internship, non tech",Turkey
ai engineer i,sezzle,"growth, fintech, senior, operational, sales, engineer",India
senior security engineer,nansen.ai,"security, design, support, developer, code, cloud, api, management, senior, analytics, engineer, engineering, digital nomad",
product engineer,fronted as,"engineer, product, front end",
senior 3d artist monopoly go,scopely,"3d, technical, support, mobile, lead, senior, go",Culver City
senior user experience designer,virtru,"security, designer, ux, senior, android, engineering",Remote
product designer creators,vrchat,"design, designer, technical, support, testing, ux, lead, content, engineering, digital nomad",Anywhere
global administrative assistant,crisp recruit,"assistant, support, web, admin, operations",
chief of staff,garden3d,"exec, senior, marketing, ops",
senior database reliability engineer,"okta, inc.","security, postgresql, senior, reliability, engineer",
senior technical program manager money movement,human interest,"manager, technical, financial, fintech, senior",United States
senior software engineer live,cast ai,"software, cloud, senior, engineer",
senior fullstack developer,kodify media group,"engineer, dev, senior, technical, backend",
subtitle localization specialist,tsmg,"technical, content",Any city
senior product manager,infuse,"manager, security, test, video, lead, senior, recruiting, non tech",Remote
deputy editor future perfect,"vox media, llc","training, growth, lead, health, recruiting",DC or NYC
senior it systems engineer storage and infrastructure,relativity space,"technical, support, software, voice, strategy, lead, senior, go, engineer","Long Beach, California"
senior backend engineer content,onx,"content, senior, engineer, backend",Bozeman
senior mobile ios engineer,yassir,"ios, design, redis, frontend, back-end, technical, code, web, financial, fintech, cloud, mobile, senior, go, engineer, engineering, digital nomad",
software engineer ui,brave,"software, ui, design, react, frontend, full-stack, code, web, javascript, c++, css, html, ads, mobile, engineer, engineering, digital nomad",Anywhere
executive assistant,wild alaskan company,"assistant, founder, executive, ecommerce",
senior media director performance media,unlock health,"director, testing, growth, strategy, senior, analytics, sales, medical, healthcare, executive",Remote
connectivity manager,agoda,"manager, technical, travel, operational",Toronto
social media strategist,sociallyin,"strategist, growth, strategy, lead, content, junior, marketing, analytics",
strategic live casino manager,arrise,"manager, training, gaming, growth, microsoft, strategy, management, excel, recruitment",
implementation specialist,nest veterinary,"saas, system, training, trainer, technical, support, growth, leader, management, lead, operational, go, health, healthcare",United States
pointclickcare associate data scientist,pointclickcare,"analyst, health, healthcare, non tech",
dentist,"akicita federal, llc","support, travel, health, non tech","Ogema,MN"
senior solutions engineer north east,"okta, inc.","security, senior, engineer",
product manager customer care,ryz labs,"manager, salesforce, support, strategy, management, lead, operational, ecommerce",Buenos Aires
,,"growth, management, sales",
nurse practitioner physician assistant,ennoble care,"assistant, consult, testing, mobile, operations, go, health, non tech","Trenton, New Jersey"
data analyst ii,computercare,"analyst, system, python, technical, support, excel",Remote
talent acquisition partner,vcluster labs,"consultant, architect, technical, support, developer, investor, strategy, analytics, health, recruiting, engineering, digital nomad",Munich
vice president of engagement transformation,solera health,"architect, growth, leader, strategy, management, medical, health, executive",
director ai engineering,lantern,"director, content, engineering",USA
full stack software engineer ii,technergetics,"software, hr, system, director, code, engineer",Remote
senior product manager platform life sciences,scileads,"manager, saas, support, leader, strategy, lead, senior, sales, non tech",
customer success manager,goodtime,"manager, support, leader, recruiting, engineering",Remote
business development manager vocational,geotab,"manager, leader, operations, analytics",
legal project & operations manager,cohere health,"manager, system, training, support, growth, financial, management, lead, operations, operational, legal, medical, healthcare",United States
regional account executive,amarok,"security, leader, executive",Oakland
data scientist,solera health,"design, python, support, medical, health, engineering, digital nomad",
software engineer,galileo financial technologies,"software, code, finance, financial, banking, excel, analytics, health, engineer, engineering",Seattle
senior partnerships manager spain italy,parloa,"manager, growth, management, lead, senior, marketing, sales",Madrid
senior people operations partner,adyen,"design, hr, system, technical, support, growth, management, lead, senior, operations, operational, analytics, digital nomad",San Francisco
3d designer,exadel,"3d, design, designer, technical, support, marketing, engineering, digital nomad","Brazil, Poland"
manager of sales perfectscale north america,doit,"manager, growth, cloud, microsoft, management, sales, engineering",
engineer,sciencelogic,"developer, software, testing, test, cloud, senior, engineer, engineering, digital nomad","Reston, VA"
division manager ky wv,juul labs,"manager, growth, director, adult, leader, strategy, lead, operations, sales",
college admissions counselor,empowerly,"students, support, testing, scrum, financial, education, internship, part-time, non tech",Remote
corporate paralegal,,"security, support, finance, operations, operational, legal, non tech",Denver
partner success manager,moonpay,"manager, web3, crypto, system, training, technical, support, software, voice, financial, operations, operational, excel, health, healthcare",
finance officer,goal uganda,"system, coordinator, support, financial, finance, strategy",Kampala
it officer,goal uganda,"system, security, travel, strategy",Kabarole
sap walkme development senior consultant,new era technology,"consultant, consulting, senior",India
clinical informaticist,mcg health,"technical, lead, content, medical, health, healthcare",Remote
administrative business partner,openai,"security, support, growth, travel, management, operations, operational, executive",San Francisco
technical product manager,lavendo,"manager, system, technical, growth, voice, video, api, management, lead, engineering",San Francisco
ui ux designer for career services company,paired,"ui, ux, design, founder, designer, technical, operations, operational, marketing, sales, go, recruiting, digital nomad",
engineering manager,sharebite,"manager, design, technical, support, software, growth, management, lead, engineer, engineering, digital nomad",Remote
software engineer,lumin digital,"software, technical, code, web, scrum, engineer, engineering",
technical architect aus company,anypear,"architect, design, consultant, technical, management, recruitment, digital nomad",
senior full stack software developer,judi health,"developer, software, design, system, full-stack, management, senior, medical, health, healthcare, digital nomad",
senior engineering manager cloud enablement,temporal technologies,"manager, system, technical, developer, software, code, cloud, lead, senior, engineering, digital nomad",United States
social media lead,opensea,"crypto, copywriter, strategy, lead, content, analytics, health, full-time, non tech",New York CIty
saas configuration analyst,coderio,"saas, analyst, system, technical, support, software, test, growth, lead, junior, engineering",
sales systems engineer,veeam software,"dev, technical, leader, sales, go, engineer, digital nomad","San Jose, CA, USA"
manager paid search,wpp media,"manager, health, non tech",DÃ¼sseldorf
engineering manager ml platform and infrastructure,applied intuition,"manager, lead, engineering",Sunnyvale
sr director data engineering & analytics,arcadia,"director, leader, management, lead, analytics, engineering, educational",United States
cx specialist,too good to go,"golang, health, educational, non tech",Toronto
real estate investor â expert ai trainer,mentis ai,"trainer, training, financial, investment, investor, finance, analytics, non tech",
c++ developer,magic media,"developer, python, vfx, training, game, technical, support, programmer, software, growth, video, c++, content, go, engineering, full-time, digital nomad",
technical lead devops,nearform,"technical, devops, lead, senior, engineering",Italy
data & market insights associate,elemental terra,"other, crypto, finance, web3, bitcoin, education, blockchain, defi",
marketing operations manager,"chartbeat, inc.","manager, strategy, lead, operations, marketing, analytics, non tech",
2d game design intern,playpower labs,"design, game, ui, animation, content, educational, internship, digital nomad",
senior security engineer,you.com,"security, software, senior, engineer, engineering",San Francisco
qa engineer,mex digital fze ,"cryptocurrency, technical, developer, testing, test, growth, qa, financial, fintech, api, reliability, engineer, digital nomad",Dubai
mobile growth manager performance marketing + ua,phiture gmbh,"growth, manager, consultancy, test, mobile, marketing, analytics",Spain
devops engineer,infstones,"amazon, web3, system, security, support, software, testing, test, code, qa, devops, serverless, cloud, git, node, administrator, management, reliability, engineer, linux, full-time",Texas
job 27573 mid data developer brasil,ci&amp;t,"developer, cloud, digital nomad",Brazil
job 27611 midsenior data developer brasil,ci&amp;t,"developer, design, unity, digital nomad",Brazil
job 27602 mid level developer nodejs brazil,ci&amp;t,"developer, javascript, nodejs, cloud, api, digital nomad",Brazil
spã©cialiste en acquisition de talents pipeline & sourcing,workleap,"microsoft, leader",Canada
social commerce strategist,power digital,"consulting, strategist, growth, investment, content, marketing",Canada
mid level devops engineer ci cd optimization,ubiminds,"design, hr, system, security, docker, recruiter, support, developer, software, growth, code, devops, management, reliability, engineer, engineering, full-time, digital nomad",Remote
director asset protection nam retail,arc&#39;teryx,"director, security, training, support, growth, financial, investment, leader, lead, operations, health, ecommerce","North Vancouver, BC (Corporate)"
hr project coordinator,xsolla,"hr, game, coordinator, support, financial, video, operational, recruitment, non tech",Serbia
senior account executive western europe,,"saas, game, finance, senior, sales, executive",Germany
engineering manager delivery,mechanical orchard,"manager, system, technical, support, software, growth, travel, operational, engineer, engineering",United Kingdom (Remote)
