Title,Company,Skills,Location,URL
Senior Software Engineer Prime,Alpaca,"software, crypto, system, frontend, growth, code, financial, investment, api, senior, heroku, engineer, engineering",,https://remoteok.com/remote-jobs/1130563
Technical Writer,Allen Control Systems,"embedded, system, technical, writer, support, robotics, engineering",,https://remoteok.com/remote-jobs/1130562
Lead VFX Artist,Insomniac Games,"vfx, game, technical, support, test, management, lead, content",United States,https://remoteok.com/remote-jobs/1130561
Senior Facial Character TD,Insomniac Games,"3d, support, animation, senior, engineering",United States,https://remoteok.com/remote-jobs/1130560
Social Media Video Creator Intern,Cathoven,"students, ielts, video, education, content, internship, non tech",Turkey,https://remoteok.com/remote-jobs/1130559
AI Engineer I,Sezzle,"growth, fintech, senior, operational, sales, engineer",India,https://remoteok.com/remote-jobs/1130557
Senior Security Engineer,Nansen.ai,"security, design, support, developer, code, cloud, api, management, senior, analytics, engineer, engineering, digital nomad",,https://remoteok.com/remote-jobs/1130555
Product Engineer,Fronted AS,"engineer, product, front end",,https://remoteok.com/remote-jobs/1130554
Senior 3D Artist Monopoly GO,Scopely,"3d, technical, support, mobile, lead, senior, go",Culver City,https://remoteok.com/remote-jobs/1130551
Senior User Experience Designer,Virtru,"security, designer, ux, senior, android, engineering",Remote,https://remoteok.com/remote-jobs/1130547
Product Designer Creators,VRChat,"design, designer, technical, support, testing, ux, lead, content, engineering, digital nomad",Anywhere,https://remoteok.com/remote-jobs/1130544
Global Administrative Assistant,Crisp Recruit,"assistant, support, web, admin, operations",,https://remoteok.com/remote-jobs/1130543
Chief of Staff,garden3d,"exec, senior, marketing, ops",,https://remoteok.com/remote-jobs/1130542
Senior Database Reliability Engineer,"Okta, Inc.","security, postgresql, senior, reliability, engineer",,https://remoteok.com/remote-jobs/1130537
Senior Technical Program Manager Money Movement,Human Interest,"manager, technical, financial, fintech, senior",United States,https://remoteok.com/remote-jobs/1130528
Senior Software Engineer Live,Cast AI,"software, cloud, senior, engineer",,https://remoteok.com/remote-jobs/1130527
Senior Fullstack Developer,Kodify Media Group,"engineer, dev, senior, technical, backend",,https://remoteok.com/remote-jobs/1130526
Subtitle Localization Specialist,TSMG,"technical, content",Any city,https://remoteok.com/remote-jobs/1130524
Senior Product Manager,INFUSE,"manager, security, test, video, lead, senior, recruiting, non tech",Remote,https://remoteok.com/remote-jobs/1130523
Deputy Editor Future Perfect,"Vox Media, LLC","training, growth, lead, health, recruiting",DC or NYC,https://remoteok.com/remote-jobs/1130520
Senior IT Systems Engineer Storage and Infrastructure,Relativity Space,"technical, support, software, voice, strategy, lead, senior, go, engineer","Long Beach, California",https://remoteok.com/remote-jobs/1130518
Senior Backend Engineer Content,onX,"content, senior, engineer, backend",Bozeman,https://remoteok.com/remote-jobs/1130517
Senior Mobile iOS Engineer,Yassir,"ios, design, redis, frontend, back-end, technical, code, web, financial, fintech, cloud, mobile, senior, go, engineer, engineering, digital nomad",,https://remoteok.com/remote-jobs/1130516
Software Engineer UI,Brave,"software, ui, design, react, frontend, full-stack, code, web, javascript, c++, css, html, ads, mobile, engineer, engineering, digital nomad",Anywhere,https://remoteok.com/remote-jobs/1130515
Executive Assistant,Wild Alaskan Company,"assistant, founder, executive, ecommerce",,https://remoteok.com/remote-jobs/1130506
Senior Media Director Performance Media,Unlock Health,"director, testing, growth, strategy, senior, analytics, sales, medical, healthcare, executive",Remote,https://remoteok.com/remote-jobs/1130505
Connectivity Manager,Agoda,"manager, technical, travel, operational",Toronto,https://remoteok.com/remote-jobs/1130504
Social Media Strategist,Sociallyin,"strategist, growth, strategy, lead, content, junior, marketing, analytics",,https://remoteok.com/remote-jobs/1130503
Strategic Live Casino Manager,ARRISE,"manager, training, gaming, growth, microsoft, strategy, management, excel, recruitment",,https://remoteok.com/remote-jobs/1130502
Implementation Specialist,Nest Veterinary,"saas, system, training, trainer, technical, support, growth, leader, management, lead, operational, go, health, healthcare",United States,https://remoteok.com/remote-jobs/1130501
PointClickCare Associate Data Scientist,PointClickCare,"analyst, health, healthcare, non tech",,https://remoteok.com/remote-jobs/1130500
Dentist,"Akicita Federal, LLC","support, travel, health, non tech","Ogema,MN",https://remoteok.com/remote-jobs/1130499
Senior Solutions Engineer North East,"Okta, Inc.","security, senior, engineer",,https://remoteok.com/remote-jobs/1130498
Product Manager Customer Care,RYZ Labs,"manager, salesforce, support, strategy, management, lead, operational, ecommerce",Buenos Aires,https://remoteok.com/remote-jobs/1130495
,,"growth, management, sales",,https://remoteok.com/remote-jobs/1130494
Nurse Practitioner Physician Assistant,Ennoble Care,"assistant, consult, testing, mobile, operations, go, health, non tech","Trenton, New Jersey",https://remoteok.com/remote-jobs/1130491
Data Analyst II,ComputerCare,"analyst, system, python, technical, support, excel",Remote,https://remoteok.com/remote-jobs/1130490
Talent Acquisition Partner,vCluster Labs,"consultant, architect, technical, support, developer, investor, strategy, analytics, health, recruiting, engineering, digital nomad",Munich,https://remoteok.com/remote-jobs/1130489
Vice President of Engagement Transformation,Solera Health,"architect, growth, leader, strategy, management, medical, health, executive",,https://remoteok.com/remote-jobs/1130487
Director AI Engineering,Lantern,"director, content, engineering",USA,https://remoteok.com/remote-jobs/1130486
Full Stack Software Engineer II,Technergetics,"software, hr, system, director, code, engineer",Remote,https://remoteok.com/remote-jobs/1130485
Senior Product Manager Platform Life Sciences,SciLeads,"manager, saas, support, leader, strategy, lead, senior, sales, non tech",,https://remoteok.com/remote-jobs/1130484
Customer Success Manager,GoodTime,"manager, support, leader, recruiting, engineering",Remote,https://remoteok.com/remote-jobs/1130483
Business Development Manager Vocational,Geotab,"manager, leader, operations, analytics",,https://remoteok.com/remote-jobs/1130482
Legal Project & Operations Manager,Cohere Health,"manager, system, training, support, growth, financial, management, lead, operations, operational, legal, medical, healthcare",United States,https://remoteok.com/remote-jobs/1130481
Regional Account Executive,AMAROK,"security, leader, executive",Oakland,https://remoteok.com/remote-jobs/1130480
Data Scientist,Solera Health,"design, python, support, medical, health, engineering, digital nomad",,https://remoteok.com/remote-jobs/1130479
Software Engineer,Galileo Financial Technologies,"software, code, finance, financial, banking, excel, analytics, health, engineer, engineering",Seattle,https://remoteok.com/remote-jobs/1130478
,,,,https://remoteok.com/remote-jobs/1130477
Senior Partnerships Manager Spain Italy,Parloa,"manager, growth, management, lead, senior, marketing, sales",Madrid,https://remoteok.com/remote-jobs/1130475
Senior People Operations Partner,Adyen,"design, hr, system, technical, support, growth, management, lead, senior, operations, operational, analytics, digital nomad",San Francisco,https://remoteok.com/remote-jobs/1130474
3D Designer,Exadel,"3d, design, designer, technical, support, marketing, engineering, digital nomad","Brazil, Poland",https://remoteok.com/remote-jobs/1130473
Manager of Sales PerfectScale North America,DoiT,"manager, growth, cloud, microsoft, management, sales, engineering",,https://remoteok.com/remote-jobs/1130472
Engineer,ScienceLogic,"developer, software, testing, test, cloud, senior, engineer, engineering, digital nomad","Reston, VA",https://remoteok.com/remote-jobs/1130471
Division Manager KY WV,Juul Labs,"manager, growth, director, adult, leader, strategy, lead, operations, sales",,https://remoteok.com/remote-jobs/1130470
College Admissions Counselor,Empowerly,"students, support, testing, scrum, financial, education, internship, part-time, non tech",Remote,https://remoteok.com/remote-jobs/1130469
Corporate Paralegal,,"security, support, finance, operations, operational, legal, non tech",Denver,https://remoteok.com/remote-jobs/1130468
Partner Success Manager,MoonPay,"manager, web3, crypto, system, training, technical, support, software, voice, financial, operations, operational, excel, health, healthcare",,https://remoteok.com/remote-jobs/1130467
Finance Officer,GOAL Uganda,"system, coordinator, support, financial, finance, strategy",Kampala,https://remoteok.com/remote-jobs/1130466
IT Officer,GOAL Uganda,"system, security, travel, strategy",Kabarole,https://remoteok.com/remote-jobs/1130465
SAP WalkMe Development Senior Consultant,New Era Technology,"consultant, consulting, senior",India,https://remoteok.com/remote-jobs/1130464
Clinical Informaticist,MCG Health,"technical, lead, content, medical, health, healthcare",Remote,https://remoteok.com/remote-jobs/1130463
Administrative Business Partner,OpenAI,"security, support, growth, travel, management, operations, operational, executive",San Francisco,https://remoteok.com/remote-jobs/1130462
Technical Product Manager,Lavendo,"manager, system, technical, growth, voice, video, api, management, lead, engineering",San Francisco,https://remoteok.com/remote-jobs/1130461
UI UX Designer for Career Services Company,Paired,"ui, ux, design, founder, designer, technical, operations, operational, marketing, sales, go, recruiting, digital nomad",,https://remoteok.com/remote-jobs/1130460
Engineering Manager,Sharebite,"manager, design, technical, support, software, growth, management, lead, engineer, engineering, digital nomad",Remote,https://remoteok.com/remote-jobs/1130459
Software Engineer,Lumin Digital,"software, technical, code, web, scrum, engineer, engineering",,https://remoteok.com/remote-jobs/1130458
Technical Architect AUS Company,Anypear,"architect, design, consultant, technical, management, recruitment, digital nomad",,https://remoteok.com/remote-jobs/1130457
Senior Full Stack Software Developer,Judi Health,"developer, software, design, system, full-stack, management, senior, medical, health, healthcare, digital nomad",,https://remoteok.com/remote-jobs/1130456
Senior Engineering Manager Cloud Enablement,Temporal Technologies,"manager, system, technical, developer, software, code, cloud, lead, senior, engineering, digital nomad",United States,https://remoteok.com/remote-jobs/1130455
Social Media Lead,OpenSea,"crypto, copywriter, strategy, lead, content, analytics, health, full-time, non tech",New York CIty,https://remoteok.com/remote-jobs/1130454
SaaS Configuration Analyst,Coderio,"saas, analyst, system, technical, support, software, test, growth, lead, junior, engineering",,https://remoteok.com/remote-jobs/1130452
Sales Systems Engineer,Veeam Software,"dev, technical, leader, sales, go, engineer, digital nomad","San Jose, CA, USA",https://remoteok.com/remote-jobs/1130451
,,,,https://remoteok.com/remote-jobs/1130450
Manager Paid Search,WPP Media,"manager, health, non tech",DÃ¼sseldorf,https://remoteok.com/remote-jobs/1130449
Engineering Manager ML Platform and Infrastructure,Applied Intuition,"manager, lead, engineering",Sunnyvale,https://remoteok.com/remote-jobs/1130448
Sr Director Data Engineering & Analytics,Arcadia,"director, leader, management, lead, analytics, engineering, educational",United States,https://remoteok.com/remote-jobs/1130447
CX Specialist,Too Good To Go,"golang, health, educational, non tech",Toronto,https://remoteok.com/remote-jobs/1130446
Real Estate Investor â Expert AI Trainer,Mentis AI,"trainer, training, financial, investment, investor, finance, analytics, non tech",,https://remoteok.com/remote-jobs/1130445
C++ Developer,Magic Media,"developer, python, vfx, training, game, technical, support, programmer, software, growth, video, c++, content, go, engineering, full-time, digital nomad",,https://remoteok.com/remote-jobs/1130444
Technical Lead DevOps,Nearform,"technical, devops, lead, senior, engineering",Italy,https://remoteok.com/remote-jobs/1130443
Data & Market Insights Associate,Elemental Terra,"other, crypto, finance, web3, bitcoin, education, blockchain, defi",,https://remoteok.com/remote-jobs/1130442
Marketing Operations Manager,"Chartbeat, Inc.","manager, strategy, lead, operations, marketing, analytics, non tech",,https://remoteok.com/remote-jobs/1130441
2D Game Design Intern,Playpower Labs,"design, game, ui, animation, content, educational, internship, digital nomad",,https://remoteok.com/remote-jobs/1130440
Senior Security Engineer,You.com,"security, software, senior, engineer, engineering",San Francisco,https://remoteok.com/remote-jobs/1130439
QA Engineer,Mex Digital FZE ,"cryptocurrency, technical, developer, testing, test, growth, qa, financial, fintech, api, reliability, engineer, digital nomad",Dubai,https://remoteok.com/remote-jobs/1130438
Mobile Growth Manager Performance Marketing + UA,Phiture GmbH,"growth, manager, consultancy, test, mobile, marketing, analytics",Spain,https://remoteok.com/remote-jobs/1130437
DevOps Engineer,InfStones,"amazon, web3, system, security, support, software, testing, test, code, qa, devops, serverless, cloud, git, node, administrator, management, reliability, engineer, linux, full-time",Texas,https://remoteok.com/remote-jobs/1130436
Job 27573 Mid Data Developer Brasil,CI&amp;T,"developer, cloud, digital nomad",Brazil,https://remoteok.com/remote-jobs/1130435
Job 27611 MidSenior Data Developer Brasil,CI&amp;T,"developer, design, unity, digital nomad",Brazil,https://remoteok.com/remote-jobs/1130434
Job 27602 Mid level Developer NodeJS Brazil,CI&amp;T,"developer, javascript, nodejs, cloud, api, digital nomad",Brazil,https://remoteok.com/remote-jobs/1130433
SpÃ©cialiste en acquisition de talents Pipeline & Sourcing,Workleap,"microsoft, leader",Canada,https://remoteok.com/remote-jobs/1130432
Social Commerce Strategist,Power Digital,"consulting, strategist, growth, investment, content, marketing",Canada,https://remoteok.com/remote-jobs/1130431
Mid Level DevOps Engineer CI CD Optimization,Ubiminds,"design, hr, system, security, docker, recruiter, support, developer, software, growth, code, devops, management, reliability, engineer, engineering, full-time, digital nomad",Remote,https://remoteok.com/remote-jobs/1130430
Director Asset Protection NAM Retail,ARC&#39;TERYX,"director, security, training, support, growth, financial, investment, leader, lead, operations, health, ecommerce","North Vancouver, BC (Corporate)",https://remoteok.com/remote-jobs/1130429
HR Project Coordinator,Xsolla,"hr, game, coordinator, support, financial, video, operational, recruitment, non tech",Serbia,https://remoteok.com/remote-jobs/1130428
Senior Account Executive Western Europe,,"saas, game, finance, senior, sales, executive",Germany,https://remoteok.com/remote-jobs/1130427
Engineering Manager Delivery,Mechanical Orchard,"manager, system, technical, support, software, growth, travel, operational, engineer, engineering",United Kingdom (Remote),https://remoteok.com/remote-jobs/1130426
